建议子类,候选词,独立判断一致度,各判断标签,来源种子,最高相似度,语料频数,PPMI词频,语料例句,是否收入词典,审核后子类,审核人,备注
夸张修辞,跨越式,3/3,A=夸张修辞；B=夸张修辞；C=夸张修辞,井喷(0.181)、腾飞(0.257),0.256801,285,285,"源行32：产品抗肿瘤药吉西他滨国内第2家仿制，在中低端市场具备价格优势。<?>未来1-3年产品线有望跨越式发展坚持“品种为王”，未来产品线将大大充实：1）头孢米诺：已获得日本明治（原研厂）商标授权，单独定价。2）银杏
源行185：政中心北迁2003年9月在陕西省社会科学界联合会主办的北城发展战略研讨会上，从西安乃至全省跨越式发展的战略高度提出西安行政中心北迁。2003年10月原西安体育中心和草滩西安现代农业综合开发区并入西安经济技术",是,夸张修辞,,3/3一致，语料285次。与现有 火箭式 同类
夸张修辞,飞跃,3/3,A=夸张修辞；B=夸张修辞；C=夸张修辞,井喷(0.202)、腾飞(0.269),0.269294,76,71,"源行185：，经开集团成为西安城市新中心城市运营商西安城市中心的北移，使得经开区从经济技术开发区的定位飞跃至西安城市的新中心，乃至未来大西安的中心城市，而经开集团也成为新中心的城市运营商，实现质的飞跃。2007年，在
源行185：至西安城市的新中心，乃至未来大西安的中心城市，而经开集团也成为新中心的城市运营商，实现质的飞跃。2007年，在市政府的领导下，经发集团在做好建设经开区，服务经开区的基础上，分别承担了占地4平方公里的未央新",是,夸张修辞,,3/3一致，语料71次
夸张修辞,得天独厚,3/3,A=夸张修辞；B=夸张修辞；C=夸张修辞,极佳(0.187),0.187048,60,60,"源行349：季度业绩大幅增长，我们预计在行业蜕变式机遇来临公司今年业绩十分乐观。公司看点：一、资源优势得天独厚。作为国内最大稀缺资源垄断股，依托的白云鄂博矿是稀土、铁共生矿，稀土储量占全世界的接近60%的比例，资源优势无
源行349：2011年公司EPS分别为0.66元和1.2元，对应目前股价的市盈率为49倍和27倍。鉴于得天独厚的资源优势、成本优势及良好的行业发展机遇，公司作为稀缺资源垄断股将充分受益于行业景气度回升带来的超额收益。风险",是,夸张修辞,,3/3一致，语料60次
夸张修辞,霸主,3/3,A=夸张修辞；B=夸张修辞；C=夸张修辞,王者(0.179),0.179107,59,58,"源行796：在引进海外高端品牌方面优势明显，未来有望成为国内化妆品电商平台中国际高端化妆品品牌线上代理霸主。金王定增价10.32元，锁定期三年，不考虑权益收益仅以资金成本10%计算，董事长及战略投资人成本接近14元，
源行1690：年染料产量71.9万吨，占世界总产量的60%以上，出口量占总产量的近40%。我国染料工业的霸主地位与之前的欧美国家很重要的区别是我们的染料生产只集中在中国，而他们是分散在世界各地，市场销售是一个不容忽视的",是,夸张修辞,,3/3一致，语料58次。与现有 王者/独步天下 同类
夸张修辞,跳跃式,3/3,A=夸张修辞；B=夸张修辞；C=夸张修辞,井喷(0.172),0.171827,15,15,"源行495：领域与经营业态的全面跨越，业务空间将由百亿级的输送带市场进入千亿级的输送系统工程市场，实现跳跃式的扩张。进军养老产业潜力巨大：公司投资设立桐乡和济养老服务投资有限公司，开始涉足养老产业。桐乡和济养老服务中心
源行566：领域与经营业态的全面跨越，业务空间将由百亿级的输送带市场进入千亿级的输送系统工程市场，实现跳跃式的扩张。风险提示：收购北京约基后产业整合进度低于预期，养老院扩张进程低于预期。",是,夸张修辞,,3/3一致，语料15次。与现有 火箭式 同类
夸张修辞,滚雪球,3/3,A=夸张修辞；B=夸张修辞；C=夸张修辞,裂变(0.188),0.188046,9,9,"源行885：至1580台，大型离心风机的销售收入将在2011年恢复增长。高毛利率的配件和服务业务将呈现滚雪球式的增长企业。一般来说，风机在运行3-5年后，每年的维护费用是风机整体成本的10%-15%。2008年风机收入
源行885：30%左右的增长。公司的风机销售数量越多，风机配件和服务业务的收入就将越大，此项业务将呈现滚雪球式的增长。高压离心鼓风机营收有望连续三年翻番煤气（一氧化碳）回收工艺等行业。公司从2006年就开始研发高压离心",是,夸张修辞,,3/3一致，语料9次
夸张修辞,蜕变,2/3,B=夸张修辞；C=夸张修辞,绝佳(0.180)、腾飞(0.244),0.243676,35,35,"源行349：为最大的稀土行业龙头，充分受益于稀土行业良好的发展环境，一季度业绩大幅增长，我们预计在行业蜕变式机遇来临公司今年业绩十分乐观。公司看点：一、资源优势得天独厚。作为国内最大稀缺资源垄断股，依托的白云鄂博矿是
源行2596：的银银平台经历了1）早期柜面通业务、2）科技输出中小银行以及3）线上化改版钱大掌柜的三阶段蜕变过程。其所勾稽的强大网络，以及对中小银行的IT系统的科技渗入，使得兴业银行已在实质意义上拥有了对接入银银平台的",是,夸张修辞,,2/3一致，语料35次
夸张修辞,集大成者,2/3,A=夸张修辞；B=夸张修辞,传奇(0.160),0.16045,13,13,"源行563：砂、燃料均有低成本保障，加上技术上的积累，将逐步贡献今年业绩增量。具备资源优势、循环产业链集大成者：外界将公司简单界定为联碱企业，且产品分散，我们认为公司具备天然气、磷矿、盐卤、硅石矿等多项资源优势，多个产品
源行4302：力，为客户提供一揽子的解决方案，就有可能转型成为类似于IBM一样的综合服务厂商，成为行业的集大成者。我们坚定看好东华长期发展前景。<?>盈利预测和评级到目前为止，除了增发中止以外，年初我们选择东华作为首选标的",是,夸张修辞,,2/3一致，语料13次
极端积极,高速成长,3/3,A=极端积极；B=极端积极；C=极端积极,爆发(0.256)、腾飞(0.215),0.255749,264,194,"源行81：公司差异化拿地模式和三四线城市区域战略布局，同时股权激励也将加速业绩释放，未来三年依然处于高速成长期，依然是较好的进攻型投资标的。我们预计公司11年、12年和13年EPS分别为0.94、1.34和1.77元，
源行82：超强的优质民营房企之一，长期看好其差异化拿地模式和三四线城市区域战略布局，未来三年依然处于高速成长期，是弱市中销售有望超预期的个股。我们维持前期的盈利预测，预计公司11年、12年和13年EPS分别为0.94、",是,极端积极,,3/3一致，语料194次
极端积极,成倍增长,3/3,A=极端积极；B=极端积极；C=极端积极,暴增(0.136),0.136421,30,30,"源行203：亿元，同比增长26%。受国际化工市场复苏带动，公司能源化工液态食品业务一季度也实现了收入的成倍增长。公司10年1季度干货箱刚开始恢复生产，基数较低也是导致今年同比大增的一个原因。未来看点：一、集装箱业务景气行
源行434：分试点城市有望完成第一轮的充电基础设施建设，工作重点将转移到方案落实上，新能源客车产销量将成倍增长。同时，四季度本就是传统的客车销售旺季，销量约为全年销量的1/3，而且主要增量来自大中型客车，是各客车企业全年",是,极端积极,,3/3一致，语料30次。与现有 翻倍/翻番 同类
极端积极,几倍,3/3,A=极端积极；B=极端积极；C=极端积极,暴增(0.155),0.155461,13,13,"源行3007：。从去年下半年开始，还推出了互联网产品：广联达材料信息网站-广材网，预计今年材价信息将实现几倍的增长。同时公司不断完善项目管理软件等解决方案类产品，并有望在明年进入收获期。我们上调公司13年、14年盈利预
源行6624：部翻倍，公司的电视剧投资主导权也越来越大，从固定回报到投资分成，13年电视剧业务收入或将成几倍增速增长。13年将上映的电视有：《精忠岳飞》、《盛夏晚晴天2》、《剩女的代价2》、《狄公断案》、《微时代》、《",是,极端积极,,3/3一致，语料13次
极端消极,恐慌,3/3,A=极端消极；B=极端消极；C=极端消极,断崖(0.177),0.177001,17,15,"源行706：解，带来低入机会。公司财务报表发布后，有几个问题引起了市场的误解也在一定程度上造成了市场的恐慌，长期、深入对公司跟踪才能理解其中缘由，我们认为对数据的误解带来了逢低进入时机：（1）为什么公司2013年业绩
源行792：俗话说“既来之、则安之”，对于紫金矿业汀江水污染事件，我们或许可以辨证地看待，虽然该事件的恐慌可能让公司陷入一个不利的境界，给公司经营带来一定压力，但这却将会为投资者创造了一次超跌买入的机会。<?>4、公",是,极端消极,,3/3一致，语料15次
极端消极,超跌,2/3,B=极端消极；C=极端消极,绝佳(0.178),0.178381,27,27,"源行792：事件不在少数，我们搜集了一些上市公司水污染事件的资料。<?>3、辩证看待：水污染事件创造超跌买入良机。俗话说“既来之、则安之”，对于紫金矿业汀江水污染事件，我们或许可以辨证地看待，虽然该事件的恐慌可能让
源行792：件的恐慌可能让公司陷入一个不利的境界，给公司经营带来一定压力，但这却将会为投资者创造了一次超跌买入的机会。<?>4、公司业务地位：黄金第一、铜次之。2009年黄金业务销售收入占报告期内营业收入的73.23",是,极端消极,,2/3一致，语料27次
条件性,寡头,3/3,A=条件性(寡头)；B=条件性(寡头)；C=条件性(寡头),垄断(0.419),0.418914,297,297,"源行308：投资要点公司主营PVC结构泡沫材料，以及软质发泡材料、后加工品等。<?>全球结构泡沫寡头垄断，预计未来市场稳定增长结构泡沫是应用于高强度和低密度领域的理想材料，进入壁垒很高，具有技术垄断性，预计全球
源行570：，行业持续回暖，丙烯酸价格累计上涨44%，丁酯上涨35%。我们认为，在低开工、低库存，以及寡头垄断的行业背景下，价格仍有上行空间。公司总体生产成本在行业处于领先水平，品牌逐渐建立，将是此轮丙烯酸行业盈利改",是,夸张修辞,,3/3一致，语料297次。原判为条件性，人工裁定收入。注意：97/297 后接「垄断」，而 垄断 已是词表种子，「寡头垄断」会被计两次
条件性,明星,3/3,A=条件性(明星)；B=条件性(明星)；C=条件性(明星),爆款(0.198),0.198327,220,202,"源行236：钱包及电商用户数在10亿户量级，市场空间在200亿元左右。参考国内信息安全公司如卫士通、启明星辰等，市盈率在60倍左右，若公司支付安全解决方案推进顺利，则市值有望增厚100亿元以上。我们认为，公司当前市值
源行237：，但随着订单的逐季释放，全年营收增速将逐渐上升。未来两年，金融IC卡及移动支付卡将从公司的明星产品成长为现金牛产品，新一代的创新产品有望成为新的明星。金融IC卡：14年发卡量翻倍，份额有望重回市场第一，收",是,极端积极,,3/3一致，语料202次。原判为条件性，人工裁定收入。注意：约一半为字面义（明星代言/明星衣橱）
条件性,巨头,2/3,A=条件性(巨头)；C=条件性(巨头),垄断(0.248),0.247725,768,765,"源行41：模仍未恢复到07年峰值水平。医药商业板块相对经营稳定：重点公司广州市医药公司与欧洲药品分销巨头联合博姿的合资于2008年1月底完成工商变更，2008年开始按50％的收入和利润计入报表。过去5年广州市医药公
源行96：1年进入婴幼儿奶粉行业，目前两者均已是第一国产品牌，国内市场分居第二、四位，主要对手为国外巨头。本次收购有利于贝因美进一步丰富产品品类，带来新的利润增长点。产品叠加，延升品牌和渠道价值母婴营养品成功可能性",是,夸张修辞,,2/3一致，语料765次。原判为条件性，人工裁定收入。注意：主要搭配为「国际巨头/互联网巨头/行业巨头」，是称呼而非断言
条件性,刷新,2/3,A=条件性(刷新)；B=条件性(刷新),涨停(0.179),0.178539,22,19,"源行673：优势扩大，占比提升有一定关系，2012年公司全部中标了铁道部公开招标的三个超大型项目，屡次刷新了单一显示系统的全球规模之最；高比例中标了国家电网集采项目、中石油集采项目；成功完成了香港地铁、凤凰卫视、日本
源行1761：与钢铁行业景气度紧密相关。随着我国宏观经济的不断回暖，我国粗钢月度产量在6-8月连续三个月刷新历史记录，这直接拉动了焦炭的需求。，焦炭的价格也随着提高，云南地区三级冶金焦在第三季度价格维持在1400元/吨",是,极端积极,,2/3一致，语料19次。原判为条件性，人工裁定收入。注意：仅「刷新纪录/历史/世界」约8次为真断言
